{"model": [{"input_dim": 9, "output_dim": 6, "activation": "relu"}, {"input_dim": 6, "output_dim": 9, "activation": "sigmoid"}], "parameters": [-0.08766704019399976, -0.03843990848877849, 0.07646748541241852, -0.11990444876392611, -0.07745537887447003, 0.09684265145930014, 0.011851214210271549, 0.00585374792880089, -0.07460215868282588, -0.09299473018789658, 0.14769466121617605, -0.01004058189247678, 0.01130932709509487, 0.25329874874012676, 0.09833734552505666, 0.05146672443915326, -0.15801827517208344, -0.11337574456627059, 0.07059695544066827, 0.04140771557634118, -0.015971972577624588, -0.09183368018819707, -0.041956379404551096, 0.152934064804233, 0.16974013557780754, -0.12596123106534177, 0.20815245791462705, -0.036751156953000234, -0.01845682309195558, 0.06613765292038934, 0.0760954368688173, -0.23324516862359737, 0.006933889272994906, 0.07494600514664923, -0.07317310359021907, 0.17505481895878597, 0.10599498579115263, 0.09694177248182963, 0.3034612748623444, -0.1758531475487125, -0.08598946560238771, 0.029928548399769075, 0.03404417765762667, -0.019705592026718628, 0.1312024190081607, 0.03254434606676423, -0.001085303459558172, -0.0377440548602096, -0.005800590079642353, 0.12087124791542106, 0.03955959309518056, 0.06309218971176041, 0.13272116953771268, -0.010797321530197815, -0.16941955312336088, -0.13794249512737744, 0.14370524073212482, 0.07975085881979865, -0.03479847065748825, -0.08816832204753336, 0.15013061544760298, -0.028759813440484686, 0.15440128789420587, 0.10344525021335556, -0.09866707849759743, -0.047721854698107066, 0.07323432007707578, -0.03527251890915134, 0.06827470206758292, 0.06619228279113315, 0.018416677152755717, -0.1786249971740734, 0.029515912110070527, -0.1668758099308154, 0.2697341876083919, -0.03457768840256929, -0.07416236148249493, 0.19729171710142357, -0.08965746817352639, 0.10162180243707071, 0.11461605866375663, 0.027621758365860234, -0.09785981910997921, 0.10209466256850713, 0.07986961846156561, -0.021604645360412872, -0.08547584711470932, -0.0870480478869374, 0.130985599050124, -0.0630913338315067, -0.07574753067820497, -0.1225753663855284, 0.10323982572978518, -0.012331749564541153, -0.026566816332098744, 0.16584647173256484, -0.010014702017759784, -0.06666098124767933, -0.03819441011371192, 0.0420227083261256, 0.025690326885255507, -0.07053256967358852, -0.023204086047517933, 0.06315195478521413, 0.04100117641444129, 0.07762341167451033, -0.12000582026489147, -0.030252863680258067, -0.027276335704491544, -0.07275775759440799, 0.19039607065051298, -0.020441303568689378, 0.019794463832944517, -0.3125026867327145, 0.06078381761740604, 0.09246437880684498, -0.005229634906024278, 0.14900474152986853, -0.059070762114613054, -0.10729094101954431, -0.06117579615947136, 0.09194613754201748, -0.1324653432097034]}