{"model": [{"input_dim": 9, "output_dim": 9, "activation": "sigmoid"}], "parameters": [0.16497327842641252, -0.12869540221147363, 0.157821953982466, 0.15312163052236952, -0.10193602955616968, 0.013554582246143605, 0.17384605719661675, 0.028726122742587297, -0.0413632717942937, 0.023430916609655652, -0.03726038166114638, 0.006397478604658051, 0.15107757244823158, -0.2903532643719277, -0.0018491132788019393, -0.21239577688589742, -0.11342591963628905, 0.07849010977829352, -0.06832305813331849, -0.19104633171917668, 0.1299150968635734, -0.0620177048213602, -0.04039636008674454, -0.0745066508596637, -0.02587703357531448, -0.04434050864986573, -0.04313136770757023, 0.06215376350469595, 0.004965100515236312, 0.021200932374561297, -0.1264902620967055, 0.14041333523513622, 0.05843376593606756, -0.05694147166091285, 0.08058236369318707, -0.11269817433239968, 0.12309955116354954, -0.24329272349484396, -0.08905081439624002, 0.003510711392200827, 0.05643216174136342, 0.10503897627797228, 0.05446847968021834, 0.0349704013211222, -0.043413894464396405, -0.07030411350885014, 0.008492360607618356, 0.08089088209441508, 0.06029513715592151, -0.18671545988568816, 0.040168074138896954, 0.009104333993321438, -0.1331498546892737, 0.2285586109389236, 0.022618561729618944, -0.004007077111398721, 0.008727117557741568, 0.032411777931913424, 0.08305592850452881, 0.14782215345337832, -0.04889716561228217, -0.09034624738524824, -0.10456913274510472, -0.17379359932903604, 0.1592621609128399, 0.1238594123369112, -0.07324078790143432, 0.07464242245696294, 0.06919811884681337, -0.1096099396848304, -0.02963807109447312, 0.1732986335659499, 0.01601472177770267, 0.11590891155171026, -0.2996575748584403, 0.10075424542613329, -0.10714204049596882, -0.14249783699671117, -0.04829946004664465, -0.21583266359703707, 0.0029054164640891743, 0.1537397545071388, 0.21640217433031317, -0.06462210422443891, -0.08237065692153388, -0.13037805352947837, 0.09005916089081623, 0.009782419852357383, -0.02715853554965672, -0.014851732172850234]}