{"model": [{"input_dim": 9, "output_dim": 3, "activation": "sigmoid"}, {"input_dim": 3, "output_dim": 9, "activation": "sigmoid"}], "parameters": [0.01451902842634905, -0.03243046660091359, -0.007229037302176817, 0.0582730655899999, 0.03641423861899016, -0.06706631973811505, 0.006865199288568439, 0.10174700263470546, -0.11703801751160471, -0.004324648025981364, 0.06077842053229483, -0.04078528709362229, -0.07661166870362378, -0.0677235195391251, -0.05126173524295545, 0.03404256162833352, -0.11179185860274199, 0.06402994327095259, -0.03858734982909031, -0.08730541165237628, 0.17909308910540117, -0.05890166603990332, -0.010479278867802606, -0.06582922712910384, 0.051120186126976344, -0.01056382361223541, -0.08608471512339083, 0.07253110743800689, -0.08261643734713776, 0.015367806692701042, -0.031670513818880565, 0.08418308521567448, 0.052932088189975884, -0.018359786256175188, 0.09193327013057634, -0.07793350773374859, -0.039352976338297735, -0.026536059317585993, -0.14282847708938945, -0.02541432004253443, 0.0446844648294686, 0.08561201288677403, -0.09963364101171535, 0.11424314059111006, -0.007470345196488567, -0.04610750401101959, -0.012269314648126563, 0.017534999952270782, 0.04467732138425232, -0.09323244708758374, 0.02542212397359693, -0.0035947915501377014, -0.0737973217422842, -0.04173456060629534, 0.05210192893995023, 0.12340648048360035, -0.01726965008408862, -0.11082850055761195, 0.01908716899944236, 0.06730965071695287, -0.02120708191853424, -0.04278660817796471, 0.06998632354822913, -0.014008337190875186, 0.007875807735519873, 0.10903084185720019]}
