{"model": [{"input_dim": 9, "output_dim": 36, "activation": "relu"}, {"input_dim": 36, "output_dim": 9, "activation": "sigmoid"}], "parameters": [0.34185693263999034, 0.35744623293358035, -0.2309079774925828, -0.08536100311493107, 0.16382382195554449, 0.42953721721839544, 0.12684830095857955, 0.02569253313979403, 0.1789835230379178, 0.14739931607611206, -0.2016128330233486, 0.09841680101353097, 0.34773357714945596, 0.0005394921875059045, 0.1165648413024298, -0.045456188246533295, -0.5673904092613479, -0.0027826563681465975, 0.11394653125512413, -0.056986705451294306, -0.38036287036239164, -0.2014026176874237, 0.16075035349402086, 0.5469009250997314, 0.36972217687443965, -0.3063551573968839, 0.28731734275686927, -0.1611735353129355, -0.08767825881146309, -0.022812253663834242, 0.2076028056477214, 0.18811554717702855, -0.0015675936082790935, 0.05099613491979852, 0.11888314525511716, 0.19115829900800999, 0.27680548217229217, -0.22660966291678375, 0.06284700403605355, -0.272343596214865, -0.01237058555954294, -0.07587744670867735, -0.01327758065286014, -0.18457796996335762, -0.3126388436610728, -0.5391558173449663, -0.02469793502642527, -0.14289037507965488, -0.1548715680440883, 0.39097540987856927, -0.2583798476551803, 0.37705494264082806, 0.39611559174438155, -0.5321215713320896, -0.06343159046768128, -0.1139261165015913, -0.7148614539331941, -0.31419691874003675, 0.2054981470602565, 0.4509893067475677, 0.2268204166332922, 0.08630678706693376, 0.04372879996094684, 0.48915329127089796, 0.4884619672628497, -0.19491706777440054, -0.49671413555771676, -0.5851669555838296, 0.30175486061562806, 0.014016948972140467, 0.011342531653669158, -0.5233311270174563, -0.18698502738704553, -0.14177633605682027, 0.21400789602412099, -0.14214902677555155, -0.24412497964134752, -0.17936686105451807, 0.29611063879737426, 0.15177242081288425, 0.16383191832169586, -0.23772182037471123, -0.8376127923363804, -0.14094349925841268, -0.1669434936358648, 0.1318122095538505, 0.8054017984262508, 0.1640628811974726, 0.7340833383617512, 0.13594959432086037, -0.14624155588082283, 0.023771833611343555, 0.4587056673349807, 0.46952549682662587, -0.12760093588275212, 0.1268270234230939, -0.41725618307477663, 0.2349284582209065, 0.3866596426394285, 0.024952915485949655, -0.07523179480805477, 0.05842285315325156, 0.11005991999234474, 0.04924316084339111, 0.04529890584257779, -0.0665913904134577, 0.196472338350304, 0.19321592024351084, -0.23934447849522736, -0.25128825482060607, -0.006228878670041305, 0.14123720826895317, 0.00042253639446924237, -0.26939826629284114, 0.07593750276405174, -0.1024662816915074, 0.21624545143934754, 0.18350574861431887, -0.15129889701441634, 0.04409810361558419, 0.29586058776492696, -0.10310198571311675, 0.06284052642144203, 0.08004184658261819, 0.07531712736225472, -0.2497864724360346, 0.08207838030270452, 0.30684488163876616, -0.2371413987807907, -0.3282697539921383, -0.26146399807311455, -0.3123843144146622, 0.22019408728517453, -0.3799413131216567, -0.06141164371894725, 0.06811117520340966, 0.07045041103577905, -0.093707494704404, 0.011371085609068321, 0.08127721072393707, -0.023124362749675904, -0.10139839470661063, 0.6521927320816037, 0.15945629747597953, 0.6073989377272763, -0.17302335149969186, 0.01857059181859554, -0.2934400034029529, -0.2694622946568033, 0.4389216572201722, -0.12408626100608386, 0.4662770894752888, -0.29423906116377996, -0.27746555800407025, -0.07393522447735236, 0.017312629857706378, 0.15864078705138038, 0.0731010397823849, -0.0636767535441844, -0.05633501243364233, 0.006900952489829535, -0.23624072678115335, -0.2656701671451427, 0.30161440343501994, -0.4761761966247212, 0.4077776882123104, -0.17617414128784317, -0.3072889977231641, 0.20616568225775908, 0.3709250566733825, 0.30414184636772623, 0.14923586584066217, 0.2727971799570658, -0.45658641428041213, -0.15125845181086306, -0.2507212863241673, 0.3032502074132199, -0.17320149730596623, 0.1960126360412671, 0.031787607200001414, -0.2623154705214216, -0.13297949524695513, 0.3818964704643441, -0.2358421457545451, 0.030225849078518392, -0.2255121876047866, -0.1087334973913837, 0.043322699958850984, -0.16027348891701057, -0.15867499774247876, 0.0498956920079221, -0.27278450037205143, -0.23935838918034244, -0.2008923188433539, -0.018530011194062244, 0.24406302185590015, 0.4300390304347026, -0.19590013299881537, 0.5273059092062509, -0.17612861060293394, 0.3038496702783995, -0.20572234365026199, -0.2498570274231976, -0.2298682074294165, 0.06767062593236882, 0.1643967901139035, 0.13458597934052924, -0.25395194146001326, -0.24736042907825337, -0.42946783175896736, -0.10009254025497778, -0.11726761380937234, -0.2621243641441478, 0.0025366855383504236, 0.560812328883864, -0.15955341757302366, -0.07627216509133487, 0.16589714621423182, -0.14620699724478275, 0.15819499874328752, -0.2628447703245812, 0.5238015437966667, 0.08816928984211465, -0.10562046006655078, -0.10793042612754856, -0.18899511498935204, 0.3187967973603299, -0.28197412038126074, -0.12347315878166647, -0.17385774854499528, 0.054972415194848565, -0.04668041995362766, -0.40581102136299263, -0.09879101414566713, -0.15434291934936384, -0.208562169663264, 0.29272432831255635, 0.23640720827427736, -0.0011833883908240956, 0.01834312910807237, -0.47855998685377943, -0.05861527271816005, 0.23653176632856013, -0.2067252296810643, -0.12414895072568996, 0.6128124075160328, 0.4874838218336303, 0.16495820455791724, 0.21401087936540705, -0.6096312654683886, -0.16039653641753734, -0.1688765482917749, -0.13477483170996318, -0.18911550846500985, -0.5643060351227137, 0.12697221933788097, 0.11409911357956627, 0.43729912311298474, -0.25920801156886253, -0.24192435268319296, -0.5871863716260776, -0.05559190222283433, 0.361369615884071, -0.1312152259995376, 0.5326818697724319, 0.037833966879192424, -0.04601669586417493, -0.29320480934626997, 0.08954774895663845, -0.5139599323543408, 0.14340095323570917, 0.2274988081001602, 0.31601404226621316, -0.25577677880557537, 0.11326056411818271, 0.156505637704541, 0.10462451393248573, -0.19817065203144865, -0.6069264400990915, 0.10359847915316846, -0.08075375634738999, -0.13952225056738893, 0.12491738848864634, 0.020348149223434427, -0.47929177323500555, -0.4497697082357498, -0.26146037671745864, 0.5641941215439151, 0.15967911988658662, 0.08760793147284407, -0.047807956472076384, -0.027481566050291163, 0.32489362499751, -0.16557763230720776, 0.09425579832660277, -0.07420956279229599, 0.46239373671543765, 0.15824232710554134, 0.3041780926846423, -0.12484380085311245, 0.32099342999733577, -0.019700943949192782, 0.009209625916939567, 0.3732812927465205, -0.25822893867288005, 0.09091880622592963, 0.039580766255968604, 0.1359980484403654, -0.16487766376259327, 0.5324753318315179, -0.33989444972890304, 0.35529157646550324, 0.2738299989807026, 0.4649201488768077, -0.4692446477016508, -0.2463309936966555, 0.31648629100418796, -0.480873876320611, -0.4139130597424028, -0.10586607673364311, 0.057371189535306455, 0.34192539960949836, -0.008731067508954754, -0.27418143216498986, 0.13473241414021123, 0.18594171813365767, 0.031455456331028864, -0.06021552314964664, -0.4715103604401523, -0.24280040372071987, 0.35635861730078305, 0.08215048999219722, -0.08978927417769678, 0.2974864695585387, -0.3256855608935688, -0.0756032720705474, 0.031008847412973866, -0.09179445197996448, 0.006733902100359451, -0.034043900112472956, -0.344460121201468, 0.04108078285623916, -0.3696225388275276, 0.062369450748081395, 0.40909567213878606, -0.06745100799072987, -0.2596533202680202, 0.004979730135794317, -0.17368315429426287, 0.1296165871535005, -0.09657513280921319, 0.3757786640436254, 0.26148939605727367, -0.021133672114308256, 0.18779504151040338, -0.05421206351049769, -0.005389712595410979, -0.06644681442513842, 0.21307330383581702, 0.3898163638533095, 0.1550778034019736, 0.13663890566944864, 0.21932722675456295, 0.1253398923508654, -0.3681918095043809, 0.4588485022884278, 0.46055591750712094, -0.0998329525862806, -0.12022190549634225, 