{"model": [{"input_dim": 9, "output_dim": 36, "activation": "relu"}, {"input_dim": 36, "output_dim": 9, "activation": "sigmoid"}], "parameters": [-0.04305733578681949, -0.0464905902308527, 0.012212448826278286, -0.11652431889444236, 0.0247729988918104, 0.03685984674839204, -0.14001103331534193, -0.0324925393015199, 0.026020476208392297, -0.0333246488877516, 0.036915518017219616, 0.0004807400101616583, -0.004900905223177486, 0.1851930251543702, 0.13523342195096905, 0.04885931448323491, 0.03295162224198467, -0.013727714971303463, 0.05320928868259015, 0.1276407752102483, -0.10504190309199275, 0.0259803090098882, 0.039453101025759635, 0.11713698194506296, 0.027846180073558224, -0.040132839650180115, 0.06767248119954843, -0.017306795812500064, 0.026120991980097763, 0.004550937496329947, 0.028577606046178722, -0.16680854926583993, -0.007066708325264166, 0.08910481886654588, -0.09208360984136504, 0.09738808394792996, 0.029903461590782145, 0.16296445995016523, 0.11493084727558943, -0.02131003151816302, -0.03645184124121496, -0.023574939625155594, 0.002711244569662464, -0.046369258362432095, 0.12645986832398717, 0.09618737268265887, 0.012555953515791696, -0.07691403794801707, -0.04298873417142017, 0.12939130016343423, -0.010248236683943895, -0.02836471725976779, 0.07963514711867607, -0.0633613864334316, -0.0911987960109578, -0.04746698253127334, 0.04464204042151158, 0.03382454456421271, -0.021851702350842037, -0.0470987003897538, 0.03402056464820941, 0.019946439497796918, 0.059527215939964226, 0.08167248745403485, -0.04179432273008736, -0.08648440153028188, 0.041548074266353, -0.03285345183451168, 0.008239490707688124, 0.03870838425348361, -0.019509164692078543, -0.16120626174124922, -0.009029915029474332, -0.11855933180585154, 0.20063630322454334, -0.07054437316495461, 0.0074671474041346315, -0.006790124766126557, -0.04491067831537787, 0.16467536726563578, 0.05831732112096094, -0.0349179569048051, -0.09033427944274598, 0.056837023982534714, 0.04296440524652352, 0.0524816678102919, -0.10989410813628138, 0.002511725231050929, 0.04493289759265652, -0.050473148401146514, -0.02695262512228058, -0.036206979742666484, 0.10381836065471212, -0.004408872894507289, 0.005803608783897024, 0.10374810305903032, -0.0008298639551994969, -0.05795884479963624, -0.07295970307151622, 0.056114694494305284, 0.09900370279962813, -0.023801593845486538, 0.019068634863992524, 0.09304452632737031, 0.055945244907212734, -0.01902892327228814, -0.11632629861670661, -0.023399166069491897, -0.025612668487804805, 0.01678218809232576, 0.12775676129932262, -0.024200777591330328, 0.00033103864857006037, -0.1825052537327757, 0.051810207579570756, -0.0103575829015025, 0.005441420746836062, 0.06478835934511962, -0.06259014836311848, -0.07721984552007696, -0.08087114551141417, 0.012432839635488134, -0.07768964896855314, 0.11019583504177273, -0.064073237203545, -0.11672075925699343, 0.13268693957115205, 0.04777933226347209, -0.03357950957667587, 0.12934889971625538, 0.08019890774523124, -0.014180562986456462, 0.08017245562849001, -0.0004167456592312488, 0.06226752048401027, -0.13075374612686413, 0.02323408697606891, 0.03399213080469723, -0.0895278804847168, 0.0737448793471068, -0.05461428914545319, -0.15029124840621008, 0.15806279518417218, -0.02989263462726763, -0.04303469492324077, -0.04180581599912266, 0.09688672059814414, 0.05420974341027644, -0.020237447472123502, -0.04769063041253964, 0.056024916890521234, -0.00926366173036606, 0.03320121703348133, -0.04174776647309544, -0.02503540953042649, 0.0695721346986144, -0.13909181267822676, -0.06353242744522859, 0.09467952404413955, -0.04702957367723307, 0.062056310957819945, -0.08124084496823679, -0.0455434992800897, 0.07374300219257572, -0.10618432773234487, 0.015137179192858877, -0.05087186730094436, -0.1792307868852101, 0.05617730395546909, 0.06975110218354272, 0.06347009463229089, 0.03698966934418113, 0.014456657807518406, -0.05152665730516401, 0.021687865534558367, -0.09085698081406013, -0.0022390973491946964, -0.08622965774431857, 0.0011965801394709485, -0.20282435785136002, -0.054927353862289086, 0.017500850195016387, 0.015582725208663755, -0.0434969430049574, 0.010392249940164737, -0.032346816870296675, -0.043096887682984066, 0.013460382852237216, 0.051155329761760175, 0.0934968582864535, -0.011367139465684024, -0.07711412903923072, 0.0012652972377129824, 0.12436374190690698, -0.03319832771039772, -0.021156503593297876, 0.07535868605434219, -0.02762538818559715, 0.02875313312430424, 0.06015787884676764, -0.06705241460394504, -0.051783843387557954, -0.07582187501738864, -0.06220404006938529, 0.10753821114137661, 0.04205578094785842, -0.029858891106003895, -0.07057255416986152, -0.018142551658372457, -0.2941515690123355, -0.07452788027200426, -0.1020574627787322, -0.05407273596028423, -0.04563337956923338, -0.0009710902632746014, -0.035518836825543035, 0.06606838000776188, 0.03416211028315226, 0.037625145987100435, -0.028576349226447268, -0.1729099675261633, 0.12833231470351, -0.03183798675987709, 0.127388859145301, 0.035044446719759606, -0.108221598680167, 0.0506410049273421, 0.08534725394041534, 0.07922895899712884, -0.056167731114222554, 0.06441850324081456, -0.06306423036492913, 0.010907251967354703, 0.045254139934267426, -0.12674422432288557, -0.02308786607349647, 0.12711733690070004, -0.037412444842027354, 0.04480132636125519, -0.02150526492878242, 0.027801575016816557, 0.03996362024154577, -0.052471204921912526, -0.009786682699667938, 0.036816143161838066, 0.005716237452066968, 0.017156479987242606, -0.02137103764505351, -0.13835697322297627, -0.02591359643559855, 0.07259014219378582, -0.05309070645321438, -0.060493253356458394, -0.0585592174902523, 0.09353566039751637, 0.025911563499672753, -0.09032018103535644, 0.06142259032232963, -0.05303659923506033, -0.011068380077258327, 0.10114908472133771, 0.0007346497467475362, 0.1972089457436291, 0.07862887531688756, 0.08506738262456703, 0.10405748172674394, -0.08465400884076639, 0.14654298492748472, 0.041683126270147815, -0.02411491579246615, -0.15823268222091266, 0.12369284494248549, -0.10755405280402967, 0.019049757948022373, 0.030914510757147403, -0.04525307477991912, -0.0010829698349714382, 0.08610239227265687, -0.0466388890121503, 0.03946744800552802, -0.03900753213264769, -0.10539091299171985, -0.11672796751486876, 0.08986699451133703, -0.15660501722531833, 0.1727370017954839, 0.00136120586546863, -0.03188073840489141, -0.035194852619250074, 0.06643513223291486, 0.028361088393183406, 0.031052064850891837, 0.0010072858773722642, -0.021663684643518092, -0.062422492887327506, 0.028749440059509142, -0.05656086500581239, -0.040108246381300186, -0.085617132680066, -0.08095963243788472, 0.06080926387227407, 0.03831055506248949, 0.018238312412614515, -0.07771131374230196, -0.02676928971045419, 0.01728534498836966, -0.09361387356686189, 0.027954572229179783, -0.04011127688462183, -0.018486299729613766, -0.026565811610594323, -0.13157107452279576, -0.11441007171757724, -0.07825174526906137, -0.114809359060357, -0.01675462321803119, -0.029956478558393142, 0.045783137384279825, -0.026231555958318057, -0.04333614753669904, -0.02870064416776732, -0.037124417273661905, 0.05413022502238853, -0.1552252719721982, 0.07852422347798933, 0.09335795394384151, -0.11295055383339406, -0.040137892459778605, -0.056007900835037504, -0.051580627717289364, 0.015878736846388165, 0.033316724198556705, -0.043095374109581315, 0.04175257074103536, -0.09759073712340974, 0.02351969320311681, -0.010315233439049247, 0.053216757729168014, -0.027358874392946445, 0.00040524251232505683, 0.02004525017588311, 0.016782030887816032, -0.05849906376003633, 0.025792620223627542, -0.005716379412459542, -0.03477674994279339, 0.0954391377965688, 0.12130699307328623, 0.015826415280572357, -0.010335923199683149, -0.049329962832746495, -0.09710343736438633, -0.10445043796218112, 0.03294513231772624, 0.0032876072557348223, 0.10024979905728243, 0.008780555251872707, -0.05724838907971408, -0.0032534828169870217, 0.08994803104496488, 