{"model": [{"input_dim": 9, "output_dim": 6, "activation": "relu"}, {"input_dim": 6, "output_dim": 9, "activation": "sigmoid"}], "parameters": [0.04967141530112327, -0.013826430117118467, 0.06476885381006925, 0.15230298564080255, -0.023415337472333597, -0.023413695694918055, 0.15792128155073915, 0.07674347291529088, -0.04694743859349521, 0.05425600435859647, -0.046341769281246226, -0.04657297535702569, 0.02419622715660341, -0.1913280244657798, -0.1724917832513033, -0.05622875292409727, -0.10128311203344238, 0.03142473325952739, -0.0908024075521211, -0.14123037013352915, 0.14656487689215542, -0.02257763004865357, 0.006752820468792384, -0.14247481862134567, -0.05443827245251827, 0.01109225897098661, -0.11509935774223029, 0.0375698018345672, -0.0600638689918805, -0.02916937497932768, -0.060170661222939695, 0.18522781845089378, -0.0013497224737933921, -0.10577109289559004, 0.08225449121031891, -0.12208436499710223, 0.020886359500475543, -0.19596701238797756, -0.13281860488984307, 0.019686123586912352, 0.07384665799954104, 0.01713682811899705, -0.011564828238824054, -0.03011036955892888, -0.14785219903674274, -0.07198442083947086, -0.046063877095978756, 0.10571222262189157, 0.03436182895684614, -0.1763040155362734, 0.0324083969394795, -0.038508228041631655, -0.06769220003059588, 0.06116762888408679, 0.1030999522495951, 0.09312801191161986, -0.08392175232226386, -0.03092123758512146, 0.033126343140356396, 0.09755451271223592, -0.047917423784529, -0.01856589766638171, -0.11063349740060283, -0.11962066240806708, 0.08125258223941981, 0.1356240028570823, -0.007201012158033385, 0.10035328978920242, 0.036163602504763415, -0.06451197546051243, 0.036139560550841394, 0.15380365664659693, -0.003582603910995154, 0.15646436558140064, -0.26197451040897446, 0.08219025043752239, 0.008704706823817123, -0.029900735046586746, 0.00917607765355023, -0.1987568914600893, -0.021967188783751194, 0.035711257151174645, 0.14778940447415162, -0.05182702182736474, -0.08084936028931877, -0.05017570435845366, 0.09154021177020742, 0.03287511096596845, -0.05297602037670388, 0.05132674331133561, 0.009707754934804039, 0.09686449905328892, -0.07020530938773524, -0.032766214659776825, -0.03921081531321577, -0.14635149481321186, 0.029612027706457607, 0.026105527217988936, 0.000511345664246089, -0.023458713337514692, -0.14153707420504144, -0.04206453227653591, -0.03427145165267695, -0.0802277269221619, -0.016128571166600915, 0.040405085681453845, 0.18861859012105303, 0.017457781283183895, 0.02575503907227644, -0.007444591576616722, -0.19187712152990416, -0.002651387544921688, 0.006023020994102644, 0.24632421124852863, -0.019236096478112252, 0.03015473423336125, -0.0034711769705243313, -0.11686780376195322, 0.11428228145150206, 0.07519330326867742, 0.0791031947043047, -0.09093874547947389, 0.14027943109360994]}