{"model": [{"input_dim": 9, "output_dim": 3, "activation": "sigmoid"}, {"input_dim": 3, "output_dim": 9, "activation": "sigmoid"}], "parameters": [0.04675759230045929, -0.011686363769061228, 0.0065652190118520885, -0.01791831008197507, 0.048015316167168004, -0.17657111316335466, 0.05912715536223634, -0.22334806402634336, 0.08204457229810577, -0.03867376801061102, -0.11984580345504166, 0.057689325175232224, 0.031443783557420064, 0.06448766268506625, -0.07870711768026291, -0.0850719278780536, -0.0009318494673611073, -0.09029208337135274, 0.008264176416478657, -0.10310065970570095, 0.013450058771074747, -0.033382986677547855, 0.1336734788339018, -0.05666436334493739, -0.05867487042959642, -0.07710452944513269, -0.048969762299893076, 0.1456259071842218, -0.030035381366820945, 0.11981834144154936, 0.17377377737026392, 0.13310884621086785, -0.03215352254895191, 0.07203153978855333, 0.05955823489005388, 0.02070008241672293, 0.13477658888923996, -0.09113454232137576, -0.02772403413873866, -0.06503147711394959, -0.008173084621345502, -0.07612819021192586, 0.06743299786101924, 0.19026288635611485, 0.20327445664796412, -0.22799205899522776, 0.22078943965299883, 0.03477191815698868, 0.13340989897850003, -0.0992812346315348, -0.06735424428201278, -0.08193740015373578, -0.1365190648624295, 0.15627714316018973, 0.03535424544768471, 0.07583434230569787, 0.009639169251582955, 0.08180216778146698, 0.026058832555633404, 0.07018594772774159, 0.09445489333143182, 0.061606886832214394, 0.003761655629077604, 0.038563061097160685, 0.09257754271930432, 0.17567441465418027]}