{"model": [{"input_dim": 9, "output_dim": 36, "activation": "relu"}, {"input_dim": 36, "output_dim": 9, "activation": "sigmoid"}], "parameters": [-0.09195933865497927, 0.23756402353430164, 0.21622519849726474, 0.11411604106128527, -0.1584713196720442, -0.19442521552854186, 0.17302206514708388, 0.26411538472503804, -0.09988942843012472, 0.10665261144945008, 0.0996688691479558, 0.1251992856966857, -0.06360637477079839, -0.09552040978951196, -0.11678427716086395, 0.13268379313106615, -0.16017061319675258, -0.22899414944675373, -0.038857613357162576, -0.1098533071876084, 0.0011583003367922975, 0.18697732108603038, -0.02957985256137206, -0.1598415252360983, 0.18312681849738166, 0.0203273340207186, -0.048983713740437945, 0.13177959432094377, -0.1123206323400786, -0.0761178109855624, 0.05328880412149894, 0.18410311454257913, -0.03011964390302661, 0.21499629809897056, -0.2743213142714993, -0.012396635299591167, 0.02580102334368336, 0.05648174581637448, -0.03134158020926356, -0.05161286133551642, 0.14722218124194716, -0.08509618473548548, 0.005461437101551582, 0.020790823774467, -0.14566346582526304, -0.038126156183104165, -0.07754196986022661, 0.08324560752893287, -0.19631026003391605, 0.005941381855858881, 0.011736317998856155, 0.018466611821299727, -0.14386021431987037, -0.0009337639586868716, -0.2784704463444973, 0.026518576239046528, -0.17388717341993845, 0.03797076920214785, 0.052874647857416884, -0.07780694009530387, 0.03215075445793443, 0.02603040227076263, 0.29794100138757046, -0.12842324690027865, 0.23621346704811358, -0.0290076285273411, -0.09898578721903342, 0.09670697560419939, -0.0946824562996381, 0.01324668690461838, -0.013433069558098415, 0.06504158592998797, 0.24064386958783865, 0.25433792070704814, -0.15122936140458568, 0.09226754123697371, 0.11063846025930793, -0.003719998947909001, -0.20209184353898024, -0.08377790851869422, 0.02708793862094717, -0.1256463837012132, 0.12637632852688893, 0.2860871278161984, 0.023467279856355848, 0.01988060541432252, -0.04718911371608405, -0.07511422282627174, -0.07684352634188017, 0.018993984606634956, 0.07522449938259007, 0.1107509936972336, 0.08012453428965446, -0.1712464540332782, 0.029388067284599726, -0.16656237471652302, -0.07042680873446489, -0.10090383116610574, 0.05928497457460341, -0.03191951648489023, -0.11415278716881391, -0.041342171922963786, -0.17283444797748987, -0.022508449704874756, -0.1413769013588419, 0.25317799457489687, 0.19134239421057764, 0.19548896669337584, 0.08210173605206712, 0.004707348282383227, 0.039688194025851026, -0.01711812403280068, -0.31647655799071334, 0.38882924314548034, -0.06000162252777855, -0.06410765418396429, 0.02245369681960353, 0.0158095795519658, -0.09313553292786027, -0.012677893108208903, 0.18850372127540024, -0.08023892200712142, 0.10363594263087628, -0.03334275598987427, 0.19590351275604537, 0.1466648164169021, 0.07111253540105449, -0.2494695205685436, 0.02826839154432464, 0.04878924593264036, -0.09442006829476968, 0.013525415907541315, -0.15363540571252168, 0.08113396816364978, 0.15348611235593212, 0.10068985346638482, -0.21392449048105505, 0.030139050592451366, 0.13908208829437654, -0.24542602252383253, 0.015996524318617283, 0.312114023086764, -0.20028639104063142, 0.08320073608086886, 0.012609408917983202, -0.10413785313250873, 0.07750992882904957, 0.0011499716504174435, -0.2292012526849916, -0.07560600818332147, 0.11012044538653572, 0.13202113352243444, 0.05310658979469129, -0.004389922468455008, -0.015469183173204004, -0.04568677680717779, -0.09762697507878361, -0.14536381865472567, -0.09463507449503358, 0.12402249758963348, 0.03416208562337069, 0.05283254257559086, 0.0914837226443003, -0.034554592412686776, 0.09629101179114995, -0.028857131619838938, 0.2041644010624166, 0.05411760357159626, -0.060056963355140144, 0.10798283744248714, -0.17546163071927506, 0.04720339525855068, 0.19946635156649434, -0.1627231104265836, 0.14814158042402442, -0.14449357305479463, -0.2546382979429537, -0.10477721871456519, -0.03757948722010591, -0.037287942458463695, 0.09303361577560894, -0.0340453210685959, -0.2018062079658318, 0.10164551397433398, 0.17974212015578422, 0.04534706795861757, 0.13870520497598268, -0.029450345736002248, -0.2611412730238759, -0.13328927156214376, -0.17755200091907544, 0.12782353472567684, 0.022947161629587785, -0.07659203378481448, -0.09729935119596418, -0.01172495938214471, -0.06834466293407515, 0.06242079207342061, 0.14896802169193937, -0.04563921732632575, 0.06947756500638029, 0.16751510123210323, 0.19601400021137882, 0.09023373285715712, -0.07549303127875737, 0.021102361892997006, -0.13392848598449758, -0.06853830731662575, -0.0974916055712012, 0.20011078878902247, -0.15125078023443947, 0.15701246167727573, -0.01989263277384164, 0.16442645773007994, -0.09891426928677224, -0.006824447968170248, 0.02709248670586067, 0.11388291578699782, -0.10513690498818425, 0.07070932291968474, 0.1072690306819018, 0.1543781558389965, 0.14771065093478472, -0.031212965556407783, -0.19080853271542053, -0.10247140256995697, 0.01979622179162641, 0.16359858295381363, 0.05527651036711749, 0.2670781437451576, -0.0022321963241279195, 0.04210760813998393, -0.1503403421505004, -0.035491535965219895, 0.15302913941051755, -0.15698947391216034, -0.004187572785903634, 0.1448974878642815, -0.09217860955239071, -0.031948298281044625, -0.2035344244044992, -0.04577837460978243, -0.1685085801932541, 0.11213895859613458, 0.018693136145294324, -0.0951980987893502, -0.005977505961373223, 0.22038580709725486, 0.17257369956993693, 0.18973967896668653, -0.11093065682561988, 0.47360940040943744, 0.1435714342063392, -0.09192060081721026, -0.18504429760931831, -0.05334108764923427, 0.11661734580520405, -0.14601624223149984, -0.17050258557815287, 0.08911806343857583, 0.07502473993190555, 0.13551537803956712, -0.19740662655346702, 0.17580959190710188, -0.2400133737028167, 0.11157110770846507, 0.043850459899113264, 0.037866057368105444, -0.0734544656349007, -0.03487945086215805, 0.014120652255740615, -0.1696475307178649, 0.05020639359186477, 0.14069110470219479, -0.051151434797739224, -0.061109780600210654, -0.04617859446922685, -0.24054378941746787, -0.1496012696687281, -0.11560267759537242, -0.1701838798230306, 0.22979894883981347, 0.07647720992852737, -0.07630518972217065, 0.12762780632577755, -0.11417758784422012, 0.11073391579413809, 0.02913139575950001, 0.17289381956553304, -0.16783216251043095, -0.03669758050157263, -0.1277462748914126, -0.07521541115881657, 0.09505797073087678, -0.06723871613915583, -0.12346738154261855, 0.14247210590802586, 0.22298556476901882, 0.10519005506484574, -0.01504136490362808, -0.05610120134684705, 0.08412445980833202, 0.289040839213427, 0.019346346706877956, -0.17278051015261664, -0.012874254344149778, -0.006069815851624893, -0.01568304760299289, 0.2722062717013013, 0.0715785045665465, 0.020089107112614014, 0.03913086419228398, 0.05565167945448275, -0.18170307009857847, 0.20018886304965683, 0.23648789692288336, 0.2300957344078978, -0.2634717836806428, -0.1397018720100303, -0.17868585990898872, -0.04889873472573754, 0.08383961663668636, -0.04634761850806317, 0.2862090212306404, 0.09555097207292841, -0.001475628886491763, -0.14166182548343795, -0.0648764835694955, 0.11158747499333092, 0.02101002487679231, -0.21718283949136372, 0.038994028877846094, 0.07702975814863447, -0.26221645214530587, 0.12365361801799743, -0.128420808248675, -0.01399339353973489, -0.10296649642478964, 0.10931894120498581, -0.17702772853008697, -0.27044839674940274, 0.1412413553447777, -0.10602490129736307, 0.07165865139858998, -0.14044815435507643, 0.0260626002568411, 0.061543760982760536, 0.02953131676691091, 0.00048205138684088175, 0.06247359675029806, -0.07763488222205148, 0.02212677759982732, 0.010991199137478562, -0.20640335407008314, 0.06733248103421963, 0.016593036740172692, -0.053638600350002966, -0.2415944412349967, -0.15229739752970248, -0.07056215668269014, 0.21013141449608125, 0.09539479904141154, -0.07583468564123555, 0.061898414938494434, -0.15501428484831448, 