{"model": [{"input_dim": 9, "output_dim": 3, "activation": "sigmoid"}, {"input_dim": 3, "output_dim": 9, "activation": "sigmoid"}], "parameters": [0.057895830826811434, -0.025539126702114525, -0.03361469516439087, 0.0903757054782544, 0.01092843431757069, 0.06487168156058815, 0.11368686598651016, 0.05950402404692037, 0.07030688776062226, -0.08055464751464785, -0.02056231158370664, -0.10283897747931174, -0.0481789857547061, -0.09120720894163123, 0.013478515715155938, -0.0387885411424828, 0.04349711800669628, -0.048032224728455065, -0.013906948978228311, -0.12251512302445537, 0.18295946148163633, 0.0029562998617134275, 0.08263812754832363, -0.15776877955890461, 0.003374829956123638, 0.09308223978222206, -0.0664955270803623, 0.095301402999148, -0.03880995604148888, 0.11336602162592457, 0.2437589463835111, 0.013359499864204028, -0.043761555172992295, 0.12989082210294242, 0.1050524568426512, -0.18039382410085497, -0.08672907759882595, -0.033617312409680786, -0.18688447421437518, 0.031124723060324294, -0.08161034711843784, -0.05545042316253146, 0.0567210695536131, 0.07955401585777208, 0.15433533764926735, -0.06793426846398182, 0.10585189158129801, 0.04866404670898825, 0.03746513696514469, -0.032542517423145255, -0.11956423347435581, 0.008409651812467996, -0.01631576024698475, 0.04828187978826954, 0.10238328875359197, 0.2889870929440876, -0.08445292760525697, 0.005167940261935707, -0.08337454129010691, -0.010840008472324364, -0.10581717942565826, 0.01700954710332361, 0.07170899320784473, -0.10470285182923515, 0.0019773394547778437, 0.11636729384311485]}