{"model": [{"input_dim": 9, "output_dim": 3, "activation": "sigmoid"}, {"input_dim": 3, "output_dim": 9, "activation": "sigmoid"}], "parameters": [-0.04749000351696735, -0.10441825369613694, -0.0037079828125926844, -0.05045423405113876, 0.14405111832734444, 0.1407819873772492, -0.30816103775339715, -0.17328463267745364, 0.14248225568848086, 0.04108758656634695, 0.09650722802948118, 0.5006159780927804, 0.04651089573013331, 0.2813580820268181, 0.2701138436489709, 0.12375184015700379, 0.05547986206183393, 0.034268324774745125, -0.0029950640308677953, 0.08723408250345155, -0.1981691661509018, -0.011823642895951971, 0.2785496160162233, -0.08019971784192273, 0.1617962298994991, -0.2070945835642345, 0.03494902494856429, 0.11644506365681745, 0.047328321979781214, -0.09116954011751915, -0.011507627018642965, -0.07004200526906937, -0.09025241775756108, 0.12724466084375644, -0.07634944002444705, 0.019876543592994424, 0.2329973810542887, 0.26047273690750516, -0.12471417242473179, -0.011565067089076097, -0.1325726989482467, 0.0776780362575275, -0.08264768302287179, 0.004243836246662157, 0.15826300063405635, 0.1776670428430078, -0.09294334692175887, -0.13101346228990002, -0.08816986642185366, 0.08502331079833592, 0.1585477679163151, 0.0765822627540179, -0.0883099741959907, 0.041259133659826606, 0.17607340659075585, 0.03514585574428392, -0.10260191685075602, -0.03220525126040892, 0.09387526857252897, -0.16272073448027327, 0.08890753023996616, 0.10185847192156983, -0.002139166220201828, 0.12012610032224456, -0.4859437893274697, -0.24223934563564015]}